{"cameraMode":{"drawMode":0,"name":"Shaded","section":"Shading Mode"},"sceneLighting":true,"audioPlay":false,"sceneViewState":{"showFog":true,"showMaterialUpdate":false,"showSkybox":true,"showFlares":true,"showImageEffects":true,"showParticleSystems":true},"in2DMode":false,"pivot":{"x":-1.1250114440917969,"y":1.2262921333312989,"z":2.166475296020508},"rotation":{"x":-0.12172956019639969,"y":0.641248345375061,"z":-0.10401712357997894,"w":-0.7504420280456543},"size":10.962422370910645,"orthographic":false}