{"cameraMode":{"drawMode":0,"name":"Shaded","section":"Shading Mode"},"sceneLighting":true,"audioPlay":false,"sceneViewState":{"showFog":true,"showMaterialUpdate":false,"showSkybox":true,"showFlares":true,"showImageEffects":true,"showParticleSystems":true},"in2DMode":false,"pivot":{"x":-3.04949951171875,"y":3.745410919189453,"z":4.179758071899414},"rotation":{"x":-0.0567384734749794,"y":0.6712671518325806,"z":-0.05166146159172058,"w":-0.7372345328330994},"size":15.66174030303955,"orthographic":false}