{"cameraMode":{"drawMode":0,"name":"Shaded","section":"Shading Mode"},"sceneLighting":true,"audioPlay":false,"sceneViewState":{"showFog":true,"showMaterialUpdate":false,"showSkybox":true,"showFlares":true,"showImageEffects":true,"showParticleSystems":true},"in2DMode":false,"pivot":{"x":-2.012115478515625,"y":-1.0690679550170899,"z":-0.6619713306427002},"rotation":{"x":-0.24273456633090974,"y":0.6766083240509033,"z":-0.25375810265541079,"w":-0.647215723991394},"size":16.742799758911134,"orthographic":false}